set,hjd,mag
0,2456303.302071,10.76544
0,2456303.308749,10.7557
0,2456303.310854,10.7687
0,2456303.319757,10.77059
0,2456303.327113,10.78203
0,2456303.336917,10.77657
0,2456303.346542,10.75888
0,2456303.353278,10.76563
0,2456303.362921,10.76872
0,2456303.38364,10.76696
0,2456243.473296,10.77294
0,2456243.482203,10.76489
0,2456243.489626,10.76839
0,2456243.49951,10.75399
0,2456243.511372,10.76882
0,2456243.518197,10.74973
0,2456243.527882,10.77031
0,2456243.53682,10.76867
0,2456243.546512,10.77136
0,2456604.477561,10.75848
0,2456604.484306,10.75916
0,2456604.489506,10.76111
0,2456604.500631,10.7626
0,2456604.5125,10.75685
0,2456604.521446,10.76327
0,2456304.307843,10.74126
0,2456304.309949,10.74436
0,2456604.526654,10.76047
0,2456304.318869,10.75898
0,2456604.535615,10.75911
0,2456304.326233,10.74598
0,2456604.542937,10.76558
0,2456304.332956,10.74844
0,2456304.342605,10.7533
0,2456304.358956,10.75293
0,2456304.379602,10.75372
0,2456244.460983,10.75053
0,2455584.299656,10.74631
0,2455584.307154,10.75472
0,2455584.323335,10.76301
0,2456605.47102,10.75051
0,2456605.478949,10.7458
0,2456605.488448,10.75647
0,2456605.494357,10.74484
0,2456605.506345,10.75486
0,2456305.297763,10.73286
0,2456305.304396,10.73198
0,2456605.518902,10.74435
0,2456305.306495,10.73644
0,2456605.527863,10.74859
0,2456305.315354,10.73273
0,2456305.317452,10.7276
0,2456605.533051,10.74483
0,2456305.326331,10.73535
0,2456605.544166,10.74899
0,2456605.548759,10.75185
0,2456305.335923,10.74885
0,2456305.342649,10.7391
0,2456605.562156,10.7435
0,2456305.352275,10.72211
0,2456305.358999,10.73384
0,2456305.368601,10.72746
0,2456305.379745,10.73041
0,2456245.4579,10.73315
0,2456245.467435,10.72957
0,2456245.476374,10.73429
0,2456245.483798,10.72678
0,2456245.493609,10.73325
0,2456245.505407,10.7326
0,2455585.332802,10.73306
0,2455585.34908,10.73871
0,2456606.489987,10.72424
0,2456606.501179,10.70064
0,2456606.513001,10.71054
0,2456606.521947,10.71997
0,2456606.527132,10.7165
0,2456606.536025,10.7146
0,2456606.540642,10.71302
0,2456606.554011,10.7192
0,2456606.558638,10.71582
0,2456246.493115,10.72561
0,2456246.499885,10.73491
0,2456246.511729,10.7276
0,2456246.518492,10.73935
0,2456246.530288,10.73091
0,2456246.541486,10.73254
0,2456186.620418,10.7222
0,2456186.629916,10.73025
0,2456186.638867,10.71356
0,2456967.486507,10.6804
0,2456967.493572,10.6811
0,2456967.501389,10.67871
0,2456967.525759,10.69931
0,2456907.64563,10.68032
0,2456607.467433,10.70498
0,2456607.474796,10.70322
0,2456607.485986,10.70584
0,2456607.491247,10.70408
0,2456607.502399,10.70779
0,2456607.51438,10.70815
0,2456607.523357,10.70371
0,2456607.528599,10.70345
0,2456607.539734,10.70363
0,2456607.544376,10.705
0,2456307.338233,10.70884
0,2456307.345119,10.7032
0,2456307.354835,10.70993
0,2456307.363799,10.70788
0,2456307.373478,10.71077
0,2456547.632853,10.70868
0,2456247.45325,10.70326
0,2456247.47183,10.71096
0,2456247.489119,10.71135
0,2456247.498805,10.73203
0,2456247.50555,10.69912
0,2456247.517319,10.72998
0,2456247.526254,10.72703
0,2456247.536014,10.7361
0,2456187.616999,10.68731
0,2456968.489172,10.71086
0,2456968.50102,10.67235
0,2456968.513363,10.65173
0,2456908.640423,10.65679
0,2456908.647431,10.6652
0,2456608.464977,10.68704
0,2456608.471758,10.67798
0,2456608.477037,10.69018
0,2456608.488238,10.68584
0,2456608.493527,10.67618
0,2456608.502497,10.68343
0,2456608.514474,10.69512
0,2456308.300977,10.67649
0,2456608.523419,10.68035
0,2456308.309867,10.68134
0,2456308.311972,10.69027
0,2456608.528641,10.68546
0,2456308.32174,10.69522
0,2456608.539769,10.68295
0,2456608.544397,10.68518
0,2456308.331391,10.6775
0,2456308.338105,10.68815
0,2456308.347707,10.68382
0,2456308.356628,10.6885
0,2456308.36623,10.68637
0,2456548.631327,10.7025
0,2456548.638021,10.69921
0,2456188.614466,10.70877
0,2456188.623953,10.6986
0,2456188.632907,10.70047
0,2455588.294726,10.67886
0,2455588.299196,10.69644
0,2455588.303668,10.71048
0,2455588.319785,10.68155
0,2455588.335986,10.69351
0,2456909.638618,10.65011
0,2456609.463983,10.66473
0,2456609.472273,10.67962
0,2456609.484697,10.66838
0,2456609.490433,10.68081
0,2456609.500181,10.67792
0,2456609.513425,10.68338
0,2456309.304178,10.67069
0,2456609.522981,10.67499
0,2456609.530265,10.68831
0,2456609.543626,10.68653
0,2456609.548235,10.68637
0,2455589.29379,10.67869
0,2455589.298238,10.68894
0,2455589.302686,10.68635
0,2455589.318774,10.67595
0,2455589.334927,10.67212
0,2456910.635318,10.64963
0,2456910.63776,10.64706
0,2456910.644882,10.64272
0,2456610.460168,10.65005
0,2456610.466955,10.65477
0,2456610.472678,10.65844
0,2456610.484812,10.66008
0,2456610.490621,10.65123
0,2456610.499635,10.65817
0,2456610.511617,10.65813
0,2456610.520597,10.65961
0,2456610.527943,10.65567
0,2456610.541404,10.65667
0,2456610.546014,10.65094
0,2456190.607027,10.67659
0,2456190.613763,10.67978
0,2456190.621236,10.6663
0,2456190.630211,10.68092
0,2456911.633858,10.64265
0,2456911.6363,10.62929
0,2456911.643348,10.6265
0,2456611.456819,10.66301
0,2456611.463636,10.65687
0,2456611.468854,10.64966
0,2456611.488574,10.65487
0,2456251.448105,10.66321
0,2456251.455568,10.6617
0,2456251.464516,10.66792
0,2456251.474255,10.6564
0,2456251.480993,10.65969
0,2456251.490776,10.66711
0,2456251.497524,10.67444
0,2456251.509346,10.66372
0,2456251.518327,10.67423
0,2456251.528032,10.67146
0,2457032.322111,10.6475
0,2455591.296469,10.65559
0,2455591.300919,10.64796
0,2455591.317024,10.65851
0,2455591.333182,10.65731
0,2456612.51409,10.64878
0,2456612.525329,10.62963
0,2456612.529979,10.62745
0,2456612.543354,10.63612
0,2456552.617401,10.65109
0,2456552.624597,10.65582
0,2456552.647738,10.64276
0,2457033.301103,10.63086
0,2457033.303389,10.63209
0,2457033.310429,10.64915
0,2457033.312662,10.62064
0,2455592.292025,10.62622
0,2455592.296466,10.64367
0,2455592.300913,10.65062
0,2455592.317008,10.62928
0,2457033.346804,10.63118
0,2455592.330987,10.63598
0,2457033.359529,10.62667
0,2457033.368889,10.64482
0,2456553.614244,10.64508
0,2456553.620934,10.6439
0,2456253.440423,10.63716
0,2456253.447167,10.64749
0,2456253.454643,10.64412
0,2456253.463612,10.63479
0,2456253.473392,10.63741
0,2456253.48016,10.63381
0,2456253.48986,10.64047
0,2456253.496599,10.64171
0,2456253.510507,10.63937
0,2456253.521725,10.64824
0,2457034.299089,10.64126
0,2457034.306084,10.63165
0,2457034.308298,10.6291
0,2455593.291998,10.62776
0,2455593.296447,10.64574
0,2455593.300896,10.62984
0,2455593.316997,10.61965
0,2455593.33097,10.62506
0,2456554.612322,10.62697
0,2456554.630627,10.6274
0,2456254.433237,10.6348
0,2456254.442787,10.64632
0,2456254.449553,10.64062
0,2456254.456984,10.6523
0,2456254.466015,10.64239
0,2456254.475728,10.65125
0,2456254.492202,10.65541
0,2456254.498919,10.65108
0,2456254.5218,10.65393
0,2457035.299249,10.64426
0,2457035.306266,10.63204
0,2457035.308498,10.63228
0,2455594.290977,10.62385
0,2457035.320088,10.64262
0,2457035.322321,10.63529
0,2455594.29542,10.64094
0,2455594.299873,10.64756
0,2455594.315949,10.62197
0,2457035.343631,10.63342
0,2456255.433442,10.63499
0,2456255.443012,10.64728
0,2456255.451943,10.65227
0,2456255.459461,10.65016
0,2456255.466233,10.65343
0,2456255.475953,10.64828
0,2456255.482697,10.65117
0,2456255.492436,10.666
0,2456255.501402,10.66263
0,2456255.513264,10.66499
0,2456195.60033,10.64041
0,2456195.607031,10.65506
0,2456195.614418,10.64337
0,2456195.623365,10.65065
0,2457036.36739,10.64041
0,2456676.331141,10.64725
0,2456676.338203,10.63497
0,2456676.340622,10.63256
0,2456676.347661,10.63167
0,2456196.595951,10.66474
0,2456196.602682,10.64042
0,2456196.610099,10.65738
0,2456196.619062,10.65587
0,2456677.299256,10.64843
0,2456677.308469,10.64347
0,2456677.31068,10.64777
0,2456677.319936,10.64041
0,2456677.332345,10.66012
0,2456677.341629,10.65154
0,2456677.344046,10.64492
0,2456677.353319,10.64218
0,2456677.355703,10.64362
0,2456677.364966,10.64154
0,2456557.603432,10.67396
0,2456557.610635,10.6761
0,2456557.6217,10.68122
0,2456557.626804,10.68017
0,2456557.637892,10.6739
0,2456257.427547,10.66726
0,2456257.437104,10.67998
0,2456257.446099,10.66607
0,2456257.453653,10.67467
0,2456257.46043,10.66763
0,2456257.470137,10.66973
0,2456257.476881,10.67875
0,2456257.486559,10.67009
0,2456257.495521,10.6763
0,2456257.507318,10.66758
0,2457038.300045,10.66843
0,2457038.311666,10.66423
0,2457038.313888,10.65705
0,2457038.323232,10.66234
0,2457038.335753,10.68266
0,2457038.34527,10.68373
0,2457038.347729,10.6818
0,2457038.359315,10.66989
0,2457038.364157,10.67898
0,2456678.29753,10.65763
0,2456678.306794,10.65937
0,2456678.309019,10.66425
0,2456678.318328,10.65916
0,2456678.330859,10.67149
0,2456678.340133,10.65718
0,2456678.344991,10.65856
0,2456678.361322,10.66196
0,2456558.603898,10.68203
0,2456558.6106,10.67582
0,2456558.615698,10.68635
0,2456558.626798,10.68827
0,2456258.438628,10.67644
0,2456258.446073,10.65357
0,2456258.455033,10.66285
0,2455598.294308,10.64184
0,2455598.300916,10.64896
0,2455598.314921,10.65244
0,2456979.449405,10.70633
0,2456979.452511,10.7036
0,2456979.460467,10.69739
0,2456979.463081,10.69742
0,2456979.475188,10.69773
0,2456979.477741,10.70233
0,2456979.487382,10.70598
0,2456979.490477,10.7051
0,2456979.500068,10.69964
0,2456679.297662,10.68117
0,2456979.512586,10.71065
0,2456979.52416,10.71457
0,2456679.315419,10.68623
0,2456679.317639,10.67917
0,2456679.326874,10.67442
0,2456679.339273,10.67516
0,2456679.350792,10.68038
0,2456679.355644,10.68079
0,2457040.299507,10.6996
0,2457040.311067,10.69483
0,2457040.313267,10.69952
0,2455599.28868,10.65359
0,2455599.293149,10.66842
0,2455599.299753,10.65956
0,2457040.334556,10.70156
0,2455599.313765,10.66188
0,2457040.351665,10.70534
0,2455539.39605,10.65407
0,2455539.414269,10.66661
0,2456980.446118,10.71559
0,2456980.448627,10.71619
0,2455539.428095,10.65537
0,2456980.45568,10.71598
0,2456980.458187,10.72757
0,2456980.470019,10.70873
0,2456980.472549,10.70681
0,2456980.481878,10.71853
0,2456980.484374,10.71486
0,2456980.493708,10.72593
0,2456980.496233,10.72516
0,2456980.505562,10.71813
0,2456680.296144,10.69062
0,2456680.305377,10.69779
0,2456980.520314,10.72315
0,2456680.307598,10.69332
0,2456680.316859,10.69849
0,2456980.534299,10.73024
0,2456680.329276,10.69955
0,2456680.340802,10.69592
0,2455600.288217,10.67631
0,2455600.294824,10.68155
0,2455600.308848,10.68757
0,2455540.39521,10.66645
0,2455540.413425,10.67599
0,2456981.44542,10.73896
0,2456981.447914,10.71763
0,2456981.455018,10.7041
0,2455540.42813,10.67646
0,2455540.444208,10.67494
0,2455540.46028,10.67119
0,2455540.474269,10.67231
0,2456681.294415,10.72471
0,2456681.303638,10.71065
0,2456681.305854,10.71682
0,2456681.315081,10.71041
0,2456681.327506,10.72835
0,2456681.338998,10.71521
0,2456681.343777,10.71438
0,2456921.623515,10.73413
0,2456921.626061,10.73076
0,2456921.635434,10.74152
0,2456621.429168,10.7034
0,2456621.436602,10.70177
0,2456621.443405,10.71836
0,2456621.448699,10.7091
0,2456621.457711,10.69876
0,2456621.462946,10.72361
0,2456621.469746,10.71161
0,2456621.47498,10.7149
0,2456621.481749,10.71188
0,2456621.486967,10.71318
0,2456621.498974,10.71003
0,2456621.505751,10.71668
0,2456321.292813,10.71352
0,2456321.301577,10.70908
0,2456621.515715,10.71778
0,2456321.308321,10.70021
0,2456321.317965,10.71017
0,2456321.324731,10.70365
0,2456321.332289,10.71104
0,2456321.339007,10.71249
0,2456201.577324,10.72137
0,2456201.584048,10.71665
0,2456201.591464,10.73945
0,2456201.600415,10.7286
0,2456201.607811,10.7377
0,2457042.297489,10.7244
0,2457042.309743,10.73368
0,2457042.311944,10.74228
0,2457042.326196,10.74815
0,2457042.338667,10.74212
0,2457042.35026,10.74971
0,2457042.355116,10.74293
0,2456982.460541,10.74117
0,2456982.462821,10.75338
0,2456982.47522,10.75995
0,2456982.492256,10.75611
0,2456982.501601,10.75612
0,2456982.519157,10.75665
0,2456922.631248,10.75095
0,2456622.424401,10.73994
0,2456622.431182,10.73793
0,2456622.436453,10.74123
0,2456622.445589,10.73802
0,2456622.450859,10.73664
0,2456622.472763,10.73559
0,2456622.479554,10.73455
0,2456622.484811,10.7417
0,2456622.49166,10.73517
0,2456622.503745,10.74236
0,2456622.506114,10.73526
0,2456322.294428,10.71887
0,2456622.512925,10.73877
0,2456622.5153,10.73322
0,2456322.309943,10.72603
0,2456322.321651,10.73688
0,2456322.330598,10.72534
0,2456983.458342,10.767
0,2456983.470823,10.77583
0,2456983.483421,10.77976
0,2456983.492757,10.78328
0,2456983.49528,10.78023
0,2456983.504742,10.75979
0,2456683.295008,10.7534
0,2456983.50964,10.7773
0,2456683.304185,10.74687
0,2456683.306384,10.7397
0,2456983.523585,10.77581
0,2456683.315611,10.74715
0,2456683.328082,10.75393
0,2456683.341874,10.74598
0,2456923.604002,10.76071
0,2456923.614009,10.75888
0,2456923.625546,10.76848
0,2456323.2952,10.76025
0,2456323.3019,10.75596
0,2456323.304,10.7519
0,2456323.310728,10.76121
0,2456323.32033,10.75419
0,2456323.329294,10.7579
0,2456684.296537,10.78357
0,2456684.305717,10.76368
0,2456684.307918,10.78259
0,2456684.317269,10.76967
0,2456684.331761,10.77254
0,2456684.345712,10.7773
0,2456324.291487,10.77068
0,2456324.298166,10.78468
0,2456324.300269,10.76562
0,2456324.316584,10.76827
0,2456324.327738,10.76513
0,2457045.297634,10.78773
0,2456685.294991,10.785
0,2456685.304192,10.79745
0,2456685.306398,10.78984
0,2456685.315653,10.79464
0,2456685.327932,10.78018
0,2456685.34177,10.79842
0,2456925.598234,10.81918
0,2456925.600732,10.82049
0,2456925.607817,10.82204
0,2456925.610268,10.8186
0,2456925.621888,10.82643
0,2456925.624381,10.81831
0,2456625.418112,10.80129
0,2456925.633658,10.82432
0,2456625.424951,10.8024
0,2456625.43022,10.80014
0,2456625.4414,10.79634
0,2456625.446699,10.8022
0,2456625.455738,10.79876
0,2456625.467798,10.79849
0,2456625.476762,10.79738
0,2456625.482047,10.79585
0,2456625.493226,10.80025
0,2456625.497966,10.79976
0,2456325.32429,10.79723
0,2457046.297098,10.79966
0,2457046.306314,10.79058
0,2457046.308531,10.78701
0,2457046.317817,10.81848
0,2457046.330258,10.8033
0,2457046.344198,10.79767
0,2457046.34899,10.79715
0,2456926.594872,10.83133
0,2456926.597338,10.82166
0,2456926.604393,10.84269
0,2456926.606906,10.83515
0,2456926.61855,10.83664
0,2456926.621024,10.84296
0,2456926.630324,10.83304
0,2456326.290122,10.80504
0,2456326.296829,10.81304
0,2456326.301199,10.79538
0,2456326.310094,10.80922
0,2456326.319709,10.79846
0,2456687.293704,10.81422
0,2456687.302867,10.81114
0,2456687.305062,10.80444
0,2456627.414783,10.8286
0,2456627.421552,10.84396
0,2456627.431246,10.8435
0,2456627.442459,10.86495
0,2456627.447699,10.84652
0,2456327.289017,10.83661
0,2456327.29571,10.8298
0,2456327.300086,10.83317
0,2456567.577416,10.83054
0,2456567.584702,10.83364
0,2456567.591521,10.82359
0,2456567.596636,10.8387
0,2456567.605596,10.83533
0,2456567.610714,10.83983
0,2456567.61745,10.83083
0,2456988.461682,10.83661
0,2456988.483528,10.83352
0,2456988.502377,10.83123
0,2456988.507306,10.83775
0,2456688.294749,10.8346
0,2456688.303895,10.82863
0,2456688.306104,10.84124
0,2456688.329768,10.83559
0,2455487.545509,10.84165
0,2455487.576329,10.83696
0,2455487.592456,10.83759
0,2456628.493263,10.84097
0,2456328.289522,10.8359
0,2456328.296219,10.83995
0,2456328.311826,10.83683
0,2456328.321489,10.83819
0,2456568.575751,10.8342
0,2456568.582984,10.83389
0,2456568.594107,10.83292
0,2456568.611241,10.848
0,2456568.616353,10.84412
0,2456568.625286,10.84704
0,2456329.289177,10.83477
0,2456329.298039,10.82523
0,2456329.302423,10.83223
0,2456329.313614,10.83468
0,2456569.574513,10.84183
0,2456569.586344,10.83857
0,2456569.597463,10.84615
0,2456569.602581,10.83743
0,2456569.611509,10.84489
0,2456990.425478,10.81961
0,2456990.428211,10.83033
0,2456990.436137,10.83014
0,2456990.44787,10.81632
0,2456990.460428,10.81931
0,2456990.469782,10.8192
0,2456990.472341,10.83295
0,2456990.481665,10.82566
0,2456990.486617,10.81582
0,2456990.500601,10.82294
0,2456690.29288,10.82949
0,2456690.302132,10.81861
0,2456690.306763,10.82479
0,2456690.320773,10.82056
0,2456630.403423,10.8361
0,2456630.410871,10.83528
0,2456630.419821,10.828
0,2456630.425165,10.83508
0,2456330.288253,10.82448
0,2456330.297126,10.82982
0,2456330.301528,10.83186
0,2456330.31269,10.83023
0,2456570.568802,10.84312
0,2456570.576075,10.84721
0,2456570.587208,10.84618
0,2456570.592294,10.84225
0,2456570.603402,10.83876
0,2456570.608595,10.84959
0,2456570.617509,10.83948
0,2456991.437884,10.80777
0,2456991.440117,10.78928
0,2456991.449446,10.79616
0,2456991.462003,10.79102
0,2456991.471357,10.79115
0,2456991.473883,10.8006
0,2456991.483244,10.79982
0,2456991.488186,10.80244
0,2456991.502171,10.81258
0,2456691.292683,10.82356
0,2456691.301885,10.80367
0,2456691.306458,10.80831
0,2456631.402794,10.81527
0,2456631.409605,10.82726
0,2456631.430578,10.8184
0,2456631.43962,10.80994
0,2456631.445027,10.81596
0,2456331.287461,10.82439
0,2456331.296344,10.81748
0,2456331.300757,10.82484
0,2456331.311916,10.81637
0,2456211.560032,10.85217
0,2456211.566818,10.84744
0,2456211.574273,10.85209
0,2456211.583239,10.8435
0,2456632.401009,10.79943
0,2456632.407824,10.84021
0,2456632.438685,10.80829
0,2456632.443971,10.79293
0,2456632.452937,10.81119
0,2456632.458235,10.80789
0,2456632.4694,10.80638
0,2456632.481349,10.80884
0,2456332.287054,10.81525
0,2456332.295877,10.80923
0,2456332.300241,10.79847
0,2456212.550904,10.83411
0,2456212.56039,10.82822
0,2456212.569337,10.82627
0,2456212.576739,10.8252
0,2456212.583458,10.82549
0,2456212.593107,10.8394
0,2456212.599837,10.82966
0,2455612.273383,10.80273
0,2455612.278068,10.79975
0,2456993.408282,10.76166
0,2456993.423853,10.75262
0,2456993.426088,10.75935
0,2456993.437836,10.75547
0,2456993.450382,10.79138
0,2456993.459817,10.77818
0,2456993.462392,10.78156
0,2456993.471754,10.76901
0,2456993.476741,10.76517
0,2456993.490823,10.77457
0,2456993.495804,10.78012
0,2456693.3104,10.78179
0,2456933.572947,10.77344
0,2456933.575344,10.77216
0,2456933.582322,10.77847
0,2456933.584707,10.77325
0,2456633.406434,10.77165
0,2456633.418537,10.77878
0,2456633.442353,10.77482
0,2456633.448488,10.78673
0,2456633.458413,10.79095
0,2456633.466601,10.77793
0,2456573.561892,10.78791
0,2456573.568627,10.79495
0,2456573.573743,10.78141
0,2456573.584861,10.78667
0,2456273.381048,10.77299
0,2456573.596679,10.78718
0,2456273.387791,10.77957
0,2456573.60559,10.78881
0,2456273.395295,10.78743
0,2456573.610725,10.78385
0,2456273.404267,10.77924
0,2456573.619682,10.79202
0,2456273.411734,10.7867
0,2456273.418536,10.78831
0,2456273.4284,10.78367
0,2456273.435178,10.77581
0,2456273.444914,10.7985
0,2456213.546239,10.79988
0,2456213.555732,10.81536
0,2456213.564641,10.80195
0,2456213.572033,10.82213
0,2456213.581902,10.80854
0,2456213.593655,10.81734
0,2456213.600416,10.81576
0,2455613.276432,10.79351
0,2456694.290749,10.76448
0,2456694.3022,10.74915
0,2456694.306838,10.7497
0,2456934.577592,10.75659
0,2456934.579996,10.75238
0,2456934.586992,10.73664
0,2456934.589398,10.74949
0,2456934.60094,10.75126
0,2456934.603314,10.74736
0,2456934.612518,10.74085
0,2456934.614875,10.75225
0,2456934.624132,10.75652
0,2456334.296894,10.76481
0,2456574.559592,10.76266
0,2456574.566321,10.76685
0,2456574.571455,10.75871
0,2456574.582601,10.76563
0,2456574.594434,10.76791
0,2456574.603355,10.76909
0,2456574.608454,10.76357
0,2456574.617391,10.76649
0,2456214.542619,10.77137
0,2456214.552143,10.76963
0,2456214.561074,10.77143
0,2456214.568471,10.77494
0,2456214.578277,10.77351
0,2456214.590138,10.77246
0,2456214.596885,10.76939
0,2456935.570637,10.72243
0,2456935.573041,10.71994
0,2456935.580016,10.72046
0,2456935.582405,10.72363
0,2456935.594002,10.73137
0,2456935.596394,10.73187
0,2456935.605669,10.72891
0,2456935.608026,10.72816
0,2456935.617249,10.7254
0,2456575.557258,10.72259
0,2456575.593458,10.73479
0,2456575.605286,10.7352
0,2456575.614223,10.73404
0,2455555.348064,10.7505
0,2455555.366318,10.74914
0,2455555.380162,10.7609
0,2455555.396259,10.74698
0,2455555.412352,10.75487
0,2456936.564068,10.69136
0,2456936.57109,10.70018
0,2456936.573456,10.70936
0,2456936.580444,10.70261
0,2456936.582814,10.70985
0,2456936.594399,10.69979
0,2456936.606798,10.7013
0,2456936.616034,10.70712
0,2456636.412372,10.70279
0,2456636.417763,10.70933
0,2456636.426794,10.71374
0,2456636.432124,10.71747
0,2456636.441142,10.71152
0,2456636.458427,10.71932
0,2456636.472035,10.71266
0,2456336.279174,10.72588
0,2456336.290237,10.72665
0,2456336.294612,10.72681
0,2455556.359281,10.73327
0,2455556.375392,10.72904
0,2455556.39011,10.73074
0,2456937.561793,10.67663
0,2456937.564217,10.68035
0,2456937.571216,10.68714
0,2456937.5736,10.68122
0,2456937.582908,10.68759
0,2456937.592952,10.69142
0,2456937.602191,10.69236
0,2456937.604601,10.68787
0,2456937.61386,10.68695
0,2456337.283705,10.69863
0,2456337.29476,10.70307
0,2456577.554353,10.71209
0,2456577.563282,10.69531
0,2456577.568429,10.71338
0,2456577.584476,10.71375
0,2455557.34748,10.7086
0,2455557.365727,10.72351
0,2455557.379577,10.7238
0,2455557.395667,10.71642
0,2456338.290404,10.69049
0,2456218.532554,10.69922
0,2456218.542065,10.68287
0,2456218.550999,10.69951
0,2456218.560534,10.69246
0,2456218.567306,10.68892
0,2456218.576981,10.69279
0,2455558.348642,10.6933
0,2455558.364692,10.70014
0,2455558.379469,10.70265
0,2455558.395576,10.69244
0,2455558.411665,10.69354
0,2455558.425664,10.69719
0,2456639.377898,10.64464
0,2456639.385374,10.65463
0,2456639.39438,10.65929
0,2456639.399737,10.65401
0,2456639.411075,10.65176
0,2456639.416478,10.66761
0,2456639.425533,10.66276
0,2456639.437595,10.67028
0,2456639.446726,10.66014
0,2456639.451603,10.65265
0,2456339.285775,10.66956
0,2456579.545641,10.67364
0,2456579.552405,10.66092
0,2456579.557542,10.66684
0,2456579.568677,10.6621
0,2456579.5738,10.67795
0,2456279.364103,10.66218
0,2456579.582721,10.67037
0,2456279.373693,10.67374
0,2456279.380453,10.66987
0,2456579.594539,10.67365
0,2456579.603499,10.67404
0,2456279.400043,10.68374
0,2456279.409779,10.67736
0,2456279.41655,10.67509
0,2456279.426293,10.68701
0,2456279.435256,10.68208
0,2456279.445019,10.68188
0,2456580.540484,10.64162
0,2456580.547858,10.64526
0,2456580.558957,10.64605
0,2456580.564071,10.64527
0,2456580.575193,10.64177
0,2456580.58042,10.64895
0,2456580.589356,10.65188
0,2456581.56136,10.65183
0,2456581.566585,10.64995
0,2456581.575486,10.64917
0,2456581.580618,10.65309
0,2456281.367496,10.63575
0,2456281.374978,10.65939
0,2456581.589556,10.66119
0,2456581.594704,10.65194
0,2456281.383915,10.64205
0,2456281.395827,10.64922
0,2456281.402603,10.63109
0,2456281.412352,10.64313
0,2456281.419133,10.63739
0,2456281.428889,10.6384
0,2456281.440157,10.63888
0,2456582.551525,10.65169
0,2456582.562539,10.64029
0,2456582.567657,10.64455
0,2456282.362101,10.62876
0,2456282.368876,10.63471
0,2456282.376386,10.63146
0,2456282.385328,10.63742
0,2456282.397182,10.6244
0,2456282.403955,10.63834
0,2456282.413694,10.6315
0,2456282.43233,10.62783
0,2456282.443543,10.63896
0,2456283.357638,10.62158
0,2456283.364368,10.63408
0,2456283.371815,10.61504
0,2456283.380734,10.61105
0,2457004.427313,10.62921
0,2456704.284244,10.61539
0,2456704.291223,10.63007
0,2457005.377551,10.63437
0,2457005.38016,10.64214
0,2457005.38728,10.64288
0,2457005.389924,10.63896
0,2457005.401692,10.6446
0,2457005.404344,10.6471
0,2457005.413734,10.64561
0,2457005.41636,10.64677
0,2457005.42574,10.6525
0,2456585.529502,10.65673
0,2456585.56495,10.64665
0,2456585.573875,10.63994
0,2456585.579031,10.65517
0,2456585.588032,10.64847
0,2456225.515319,10.6484
0,2456225.524822,10.63567
0,2456225.533733,10.63665
0,2456225.541122,10.65626
0,2456225.547864,10.64389
0,2456225.557541,10.65286
0,2456225.564265,10.65873
0,2456225.574031,10.65317
0,2456225.582939,10.65722
0,2456225.594909,10.65948
0,2457006.385015,10.64505
0,2457006.452148,10.64837
0,2457007.371965,10.68488
0,2457007.374528,10.67923
0,2457007.381634,10.66159
0,2457007.384274,10.66913
0,2457007.39604,10.67511
0,2457007.407955,10.66579
0,2457007.410483,10.66782
0,2455567.330629,10.63771
0,2455567.346848,10.62938
0,2455567.361629,10.63291
0,2455567.377842,10.63898
0,2457008.420678,10.68606
0,2455567.394094,10.65621
0,2457008.430062,10.68133
0,2457008.444829,10.68962
0,2456708.279631,10.67941
0,2456228.515905,10.68887
0,2456228.525484,10.6808
0,2456228.542813,10.68668
0,2456228.552531,10.68229
0,2456228.55928,10.68718
0,2456228.568945,10.68963
0,2457069.282908,10.68864
0,2455568.312453,10.66268
0,2457009.368416,10.69826
0,2455568.393483,10.66015
0,2457009.429798,10.69304
0,2457009.448965,10.69416
0,2455508.480902,10.69827
0,2456949.531428,10.70028
0,2456949.533851,10.69505
0,2456949.540898,10.69392
0,2456949.543334,10.69828
0,2456949.550358,10.69806
0,2456949.562949,10.69888
0,2456949.565401,10.69665
0,2456949.572478,10.69562
0,2456649.361431,10.69519
0,2456949.581972,10.70012
0,2456949.584505,10.70429
0,2456649.375825,10.69048
0,2456949.591651,10.70183
0,2456649.396138,10.68388
0,2456649.402959,10.69636
0,2456649.408294,10.69265
0,2456649.420488,10.69172
0,2456649.427358,10.69119
0,2456229.502467,10.6958
0,2456229.537231,10.69152
0,2456229.546927,10.68579
0,2456229.55369,10.70047
0,2456229.563402,10.69402
0,2456229.572369,10.70012
0,2456229.582043,10.69303
0,2457070.288717,10.70911
0,2455569.319862,10.67168
0,2455569.336008,10.66305
0,2457010.36491,10.70722
0,2457010.367577,10.7043
0,2457010.37469,10.71545
0,2457010.377302,10.7084
0,2457010.38909,10.71768
0,2457010.391692,10.72136
0,2457010.401042,10.71919
0,2457010.403632,10.72482
0,2457010.41297,10.71929
0,2457010.415555,10.71146
0,2457010.437166,10.71849
0,2456950.527357,10.7104
0,2456950.529763,10.70724
0,2456950.536782,10.71234
0,2456950.550892,10.70885
0,2456950.553359,10.7071
0,2456650.348322,10.70586
0,2456950.574365,10.70598
0,2456950.57679,10.70384
0,2456650.37012,10.70934
0,2456950.586084,10.72101
0,2456650.381356,10.71529
0,2456950.598514,10.7119
0,2456650.393369,10.70452
0,2456950.607819,10.70447
0,2456650.402399,10.70648
0,2456650.407809,10.71444
0,2455570.312084,10.67326
0,2457011.363255,10.73093
0,2457011.366031,10.72411
0,2457011.373132,10.73972
0,2457011.375711,10.74008
0,2457011.387416,10.73809
0,2457011.390158,10.74507
0,2457011.418563,10.73547
0,2456951.525305,10.72103
0,2456951.527723,10.72198
0,2456951.53475,10.73133
0,2456951.53718,10.72905
0,2456951.548763,10.71843
0,2456951.561117,10.7195
0,2456651.355772,10.73035
0,2456951.570417,10.73688
0,2456951.572872,10.73494
0,2456651.361103,10.72495
0,2456951.582178,10.72528
0,2456951.584656,10.72408
0,2456651.372371,10.73483
0,2456951.596199,10.723
0,2456651.384432,10.71993
0,2456652.34823,10.73398
0,2456652.355057,10.73351
0,2456652.36043,10.72876
0,2456652.371618,10.73483
0,2456652.376961,10.73082
0,2456652.38598,10.73776
0,2456652.409765,10.7399
0,2456652.423268,10.74258
0,2456652.42801,10.74473
0,2455572.309786,10.72191
0,2455572.318584,10.71768
0,2456653.342266,10.74591
0,2456653.349754,10.73699
0,2456653.361035,10.7478
0,2456953.580303,10.75062
0,2456653.366366,10.74006
0,2456653.378441,10.74569
0,2456653.390551,10.74229
0,2456653.399609,10.7482
0,2456653.404956,10.74457
0,2456653.41618,10.75289
0,2456653.420932,10.74448
0,2456293.328625,10.74404
0,2455573.309441,10.72509
0,2455573.318185,10.74199
0,2455573.329758,10.73166
0,2455573.343896,10.73472
0,2455573.357988,10.73227
0,2457014.389556,10.77623
0,2457014.399014,10.76891
0,2455573.372111,10.72791
0,2457014.411765,10.77305
0,2457014.421228,10.77756
0,2457014.426275,10.76666
0,2456954.515292,10.77478
0,2456954.527192,10.76617
0,2456954.536495,10.76579
0,2456954.538939,10.76705
0,2456954.551299,10.77009
0,2456654.358292,10.76846
0,2456954.575498,10.76455
0,2456954.584788,10.76853
0,2456954.589621,10.76076
0,2456654.3758,10.77028
0,2456654.387859,10.76095
0,2456954.603525,10.77491
0,2456654.397007,10.76797
0,2456654.402391,10.7569
0,2456654.413636,10.76159
0,2456654.418352,10.7625
0,2456594.510877,10.78183
0,2456594.517625,10.76243
0,2456594.522787,10.78277
0,2456594.53175,10.77168
0,2456594.536917,10.7818
0,2456294.32499,10.75519
0,2456594.543681,10.76816
0,2456294.331648,10.76525
0,2456594.548863,10.77875
0,2456294.338974,10.75428
0,2456594.555635,10.77997
0,2456594.560817,10.78509
0,2456294.347858,10.76489
0,2456594.567598,10.77738
0,2456294.357433,10.77523
0,2456594.572764,10.78005
0,2456594.579561,10.78064
0,2456594.581841,10.78053
0,2456594.588624,10.78181
0,2456294.380405,10.75481
0,2455574.308162,10.75188
0,2455574.316906,10.74925
0,2457015.358291,10.78049
0,2457015.370376,10.77197
0,2457015.373004,10.76876
0,2457015.385418,10.78402
0,2457015.387986,10.7744
0,2457015.397345,10.766
0,2457015.400027,10.77141
0,2457015.409403,10.78396
0,2457015.423525,10.77421
0,2457015.43598,10.77468
0,2455514.469745,10.77404
0,2455514.485788,10.78273
0,2455514.500479,10.7799
0,2455514.516538,10.76968
0,2455514.532592,10.776
0,2456655.35196,10.7759
0,2455514.546555,10.77565
0,2456655.363208,10.77698
0,2456655.400526,10.78303
0,2456655.405399,10.78019
0,2456595.50028,10.78652
0,2456595.507566,10.79012
0,2456595.535032,10.79252
0,2456595.540205,10.78872
0,2456595.549166,10.79641
0,2456295.340853,10.78376
0,2456595.561042,10.78666
0,2456295.349712,10.79119
0,2456595.569972,10.79681
0,2456595.572293,10.79447
0,2456295.36599,10.7836
0,2456595.581205,10.78758
0,2456595.583515,10.77984
0,2456295.37557,10.78473
0,2456295.38229,10.78003
0,2456295.396059,10.78789
0,2456295.404925,10.78532
0,2457016.35963,10.78716
0,2457016.362211,10.78004
0,2457016.383793,10.78992
0,2457016.396394,10.78533
0,2457016.40838,10.79158
0,2457016.419946,10.79035
0,2457016.424867,10.78685
0,2455515.457605,10.78411
0,2455515.489593,10.78852
0,2455515.505654,10.79197
0,2456656.335796,10.78213
0,2456656.342695,10.79228
0,2456656.348083,10.78141
0,2455515.537868,10.77558
0,2456656.359313,10.79113
0,2456656.36466,10.78684
0,2456656.373765,10.79033
0,2456656.385948,10.78519
0,2456656.394971,10.7845
0,2456656.402429,10.78988
0,2456656.415909,10.79152
0,2456656.420656,10.79924
0,2456296.317497,10.79701
0,2456296.326971,10.78817
0,2456296.333667,10.80552
0,2456296.341036,10.79363
0,2456296.349979,10.79643
0,2456296.359634,10.79464
0,2456296.366356,10.79865
0,2456296.376011,10.80091
0,2456296.382754,10.79583
0,2456296.396609,10.79023
0,2456296.405521,10.78686
0,2457017.344778,10.797
0,2457017.347355,10.77738
0,2457017.354457,10.78046
0,2457017.357119,10.77992
0,2457017.36888,10.78708
0,2457017.371455,10.78199
0,2457017.38081,10.79185
0,2457017.402735,10.7956
0,2457017.405322,10.79809
0,2457017.416949,10.7855
0,2457017.423539,10.79935
0,2456957.507131,10.78362
0,2456957.509579,10.78437
0,2456957.516656,10.79327
0,2456957.519085,10.78824
0,2456957.533412,10.78586
0,2456957.535968,10.79183
0,2456957.557307,10.78958
0,2456657.423195,10.79607
0,2456657.439866,10.79467
0,2456657.452059,10.79215
0,2456657.457412,10.7932
0,2456657.471888,10.79671
0,2456657.480958,10.79047
0,2456657.485708,10.79361
0,2456657.499295,10.7896
0,2456297.315898,10.80639
0,2456297.325341,10.7946
0,2456297.332025,10.79604
0,2456297.339367,10.81401
0,2456297.348258,10.80396
0,2456297.357861,10.79691
0,2456297.364606,10.79242
0,2456297.374221,10.81146
0,2456297.380943,10.80053
0,2456297.392657,10.80633
0,2456297.403791,10.80304
0,2456658.326046,10.80725
0,2456658.338642,10.79866
0,2456658.355933,10.80674
0,2456658.36528,10.80532
0,2456658.370773,10.79865
0,2456658.380093,10.8061
0,2456658.392564,10.79752
0,2456658.406471,10.80209
0,2456658.41136,10.79683
0,2456298.311397,10.80646
0,2456298.320163,10.79323
0,2456298.336361,10.79275
0,2456298.345965,10.79589
0,2456298.362303,10.79279
0,2456298.38069,10.79674
0,2456298.399155,10.79435
0,2455518.470302,10.79532
0,2455518.481852,10.80008
0,2456659.326855,10.79348
0,2456959.541262,10.79514
0,2456659.346179,10.79136
0,2456659.35171,10.79322
0,2456959.568049,10.79925
0,2456959.572866,10.79064
0,2456659.36421,10.79791
0,2456659.369754,10.79409
0,2456659.379112,10.79005
0,2456659.39158,10.78693
0,2456659.405516,10.79459
0,2456659.410469,10.79033
0,2456599.491016,10.80781
0,2456599.497776,10.80817
0,2456599.507372,10.80792
0,2456599.518528,10.81138
0,2456599.523712,10.8102
0,2456299.31077,10.80344
0,2456299.312874,10.80101
0,2456599.532676,10.81202
0,2456299.319525,10.8019
0,2456299.326872,10.80617
0,2456299.335736,10.80795
0,2456599.551933,10.80652
0,2456599.5676,10.80745
0,2456299.361625,10.80637
0,2456299.368328,10.80121
0,2456299.38001,10.8054
0,2456299.39114,10.80495
0,2456299.40075,10.80221
0,2456239.501048,10.79178
0,2456239.510846,10.80995
0,2456239.522638,10.79164
0,2456239.529425,10.79772
0,2455519.45901,10.80159
0,2455519.472806,10.80883
0,2455519.485266,10.80996
0,2455519.499283,10.79738
0,2456660.325781,10.77729
0,2455519.513312,10.78846
0,2456660.333425,10.78748
0,2456660.33919,10.77924
0,2455519.529492,10.79588
0,2456660.351628,10.7742
0,2456660.357586,10.78635
0,2456660.367672,10.79014
0,2456660.373818,10.77856
0,2456660.38401,10.78574
0,2456660.39968,10.7747
0,2456600.48835,10.79428
0,2456600.495133,10.7922
0,2456600.500337,10.79899
0,2456600.511546,10.80615
0,2456300.306372,10.80321
0,2456300.308464,10.80115
0,2456600.523431,10.79213
0,2456300.315118,10.78888
0,2456300.317218,10.79436
0,2456600.532462,10.80268
0,2456600.537657,10.80331
0,2456300.323917,10.80083
0,2456600.546586,10.80228
0,2456600.553929,10.79852
0,2456300.349809,10.79873
0,2456600.567277,10.79682
0,2456300.35654,10.80554
0,2456600.57189,10.79498
0,2456300.366153,10.78708
0,2456300.372882,10.78826
0,2456300.384611,10.80411
0,2456300.395743,10.79291
0,2456240.477701,10.79562
0,2456240.500448,10.78783
0,2456240.522624,10.79657
0,2456240.53251,10.78521
0,2456240.539266,10.79373
0,2456240.55371,10.78896
0,2456240.560453,10.78006
0,2456661.318232,10.76394
0,2456661.32582,10.76607
0,2456661.335059,10.76926
0,2456661.340387,10.75463
0,2456661.352029,10.77921
0,2456661.357374,10.758
0,2456661.366667,10.75899
0,2456661.372005,10.79564
0,2456661.409644,10.7603
0,2456601.487126,10.7789
0,2456601.493877,10.78704
0,2456601.49909,10.77737
0,2456601.510294,10.78657
0,2456301.307114,10.77663
0,2456601.522176,10.77392
0,2456301.309215,10.78109
0,2456301.315862,10.78056
0,2456601.53119,10.78285
0,2456601.536382,10.78335
0,2456301.326879,10.78243
0,2456301.334259,10.78257
0,2456601.552704,10.78014
0,2456301.340997,10.78314
0,2456601.565993,10.78227
0,2456601.570602,10.7815
0,2456301.35735,10.8021
0,2456301.366969,10.77851
0,2456301.3759,10.78395
0,2456301.387626,10.78826
0,2456541.645785,10.78784
0,2456602.484117,10.76613
0,2456602.490881,10.74954
0,2456602.496053,10.7627
0,2456602.507177,10.77214
0,2456602.519063,10.76354
0,2456302.307143,10.77234
0,2456302.313782,10.76883
0,2456602.527976,10.76955
0,2456302.315879,10.7766
0,2456602.533157,10.7732
0,2456302.324771,10.77473
0,2456602.542072,10.77661
0,2456602.549338,10.782
0,2456602.567344,10.76929
0,2456302.390657,10.78736
0,2456242.471274,10.77369
0,2456242.478019,10.78324
0,2456242.48544,10.77912
0,2456242.494386,10.78653
0,2456242.506209,10.78696
0,2456242.513003,10.78575
0,2456242.522757,10.77738
0,2456242.529558,10.7872
0,2456242.541367,10.78879
0,2456242.552544,10.78595
0,2456663.350884,10.74299
